Iteration,Correlation Value
1,0.10739424379321362
2,-0.011053768593112965
3,0.03202711339717196
4,-0.06287291475595846
5,0.09418655203164761
6,0.08273559372933917
7,0.02433401853939506
8,-0.09425987136951726
9,0.03081758319536664
10,0.044377506171842974
