Iteration,Correlation Value
1,-0.012729036376112472
2,0.03852213967585726
3,0.09849698819740889
4,0.006339404407650489
5,0.0492810389628487
6,0.06472413836451009
7,0.028793623084528173
8,0.05907192081916975
9,-0.08107361007380046
10,0.08158806904430566
