Iteration,Correlation Value
1,-0.1288085220094819
2,-0.1237505287714927
3,-0.08512627292804666
4,-0.11884077638064611
5,-0.09591113441695283
6,-0.09157640176290595
7,-0.11995268905130237
8,-0.052988642179823416
9,-0.13714981688805683
10,-0.19562438536942076
