Iteration,Correlation Value
1,-0.0060864466411150505
2,0.03347473102776263
3,0.05831457671856262
4,0.0064717545525248
5,0.16409267541522213
6,-0.05079904372816091
7,0.17481946351435745
8,-0.056398009384443
9,0.00920252336448841
10,0.04525362182280236
