Iteration,Correlation Value
1,-0.058362965476120465
2,-0.03995359299107652
3,-0.10866105323882995
4,-0.012972022114548261
5,0.12825566697465404
6,0.09975523579413009
7,0.13965932459700406
8,-0.024657272622219444
9,-0.06308411019293847
10,0.06448791888142794
