Iteration,Correlation Value
1,-0.2124238794117967
2,0.10340884291639453
3,0.05002483922696218
4,-0.061001392490653485
5,-0.12786082742169091
6,-0.13096082070049775
7,-0.14592063382857573
8,-0.0849761093222203
9,-0.10720455082917896
10,-0.03689157289777592
