Iteration,Correlation Value
1,0.09953848230187236
2,-0.019760051244713386
3,0.1029034782455441
4,-0.09567512150870422
5,-0.03356692586673755
6,-0.13395807298054266
7,-0.09933289994085218
8,0.18080077309405246
9,0.04178454555189593
10,0.07373692737558744
