Iteration,Correlation Value
1,0.06394766845918395
2,-0.023320178967961624
3,-0.08209524098675806
4,0.06353977142870698
5,0.09075914643209095
6,-0.12473801577263392
7,0.05716595325212681
8,0.09308043233523672
9,-0.14677928452129763
10,-0.03233115899821951
