Iteration,Correlation Value
1,0.05798463560450652
2,0.1553712140821571
3,-0.0057094942959525
4,0.10710169207572456
5,0.12523370748869156
6,0.07849040293124948
7,0.15327886292342321
8,0.0624159718949162
9,0.11350793515188462
10,0.23733121125816717
