Iteration,Correlation Value
1,0.03998988106927948
2,-0.015721173660019853
3,0.16353116887846353
4,-0.008423542696359407
5,0.09631564310402828
6,0.09793416328725894
7,0.036733121126280674
8,0.03688380746248672
9,0.07064009154136086
10,-0.060886245603047444
