Iteration,Correlation Value
1,0.23425730475737183
2,0.07226224974809528
3,-0.03888895405838491
4,0.08324356115402114
5,0.06848858359359303
6,0.1265139166072656
7,0.16717835487661242
8,0.026227258801782984
9,0.11834268478270787
10,-0.002216529649286715
