Iteration,Correlation Value
1,-0.026614106347613735
2,0.11370404280210067
3,0.04208588227431279
4,-0.05401724236146847
5,-0.002697257927384397
6,0.009609609609612983
7,0.041797901144781706
8,-0.09385962854887173
9,0.10487920107413358
10,-0.08010031805943017
