Iteration,Correlation Value
1,0.10781396602303436
2,0.09376143980212644
3,-0.004799983918466915
4,0.06785367247196517
5,0.14400023462315956
6,0.12359362324139095
7,0.1945878524367189
8,0.14022009475842773
9,0.025861187960483565
10,0.11850726870891583
