Iteration,Correlation Value
1,0.04695552240737792
2,-0.0968837439455935
3,0.05374556800949077
4,-0.05926626773923724
5,0.002128629784405359
6,0.030107540801002728
7,0.05419374105044936
8,-0.013339960836706083
9,-0.01745566076326457
10,-0.04391517771620223
