Iteration,Correlation Value
1,-0.06076766307173966
2,-0.024761901619497043
3,-0.002392502825714116
4,0.05754921994239854
5,-0.07593863602775298
6,-0.03226030748404597
7,0.02538520118642028
8,-0.05312269900787564
9,0.024221720004249405
10,0.030027803733202484
