Iteration,Correlation Value
1,0.04974200033618138
2,-0.03478145782051947
3,-0.00013570066778207255
4,-0.06994286327034892
5,0.09871997091812286
6,-0.029207547992169063
7,-0.012203028643094915
8,-0.0945749888596736
9,-0.017073197291969423
10,0.045872043787569115
