Iteration,Correlation Value
1,-0.035413982646972035
2,-0.02541313729694955
3,-0.19207034361956943
4,0.0898068011625117
5,-0.001419010043644508
6,0.0456619436336826
7,0.03433775511249076
8,-0.1530285299775442
9,0.013686627413635138
10,-0.07891059931624067
