Iteration,Correlation Value
1,-0.007386484526002949
2,-0.10884710459023782
3,-0.06301029062555234
4,-0.11258818464175599
5,0.024593754895785927
6,0.04845850034149854
7,-0.11911187952591466
8,-0.08198645174641658
9,-0.1448117688302922
10,0.040723636982338295
