Iteration,Correlation Value
1,0.09822566891382177
2,-0.09441167774202289
3,-0.16673465678261773
4,-0.22715884332677605
5,-0.061961595035787964
6,0.0642281911801415
7,-0.20945702005794367
8,-0.08447610790709989
9,-0.007404925448242295
10,-0.04777178105940622
