Iteration,Correlation Value
1,0.011711390984218317
2,-0.03243510842305918
3,-0.034300696518258476
4,0.1122769513776639
5,-0.02037869116669359
6,-0.10411837878366355
7,-0.05927828358854913
8,-0.020985159943604396
9,-0.0867198638300459
10,-0.16494834134510644
