Iteration,Correlation Value
1,0.045966015941163514
2,-0.0347379284234767
3,-0.03969009858444899
4,0.1330755576929373
5,-0.14457458918968816
6,-0.009794822222383162
7,-0.06478310000261947
8,-0.0001775849287372283
9,-0.004197531071041242
10,-0.08024891983412138
