Iteration,Correlation Value
1,-0.11727410869488186
2,-0.0511193974682809
3,-0.11100002240715928
4,0.028108016803170738
5,-0.02108167662307065
6,0.10032938335054671
7,-0.007154654714818792
8,0.02713487675672927
9,0.05036093161756562
10,-0.09838391962474141
